scen 1,24
scen 2,24
scen 3,34
scen 4,24
scen 5,24
scen 6,14
scen 7,34
scen 8,24
scen 0,2
scen 1,22
scen 2,22
scen 3,2
scen 4,22
scen 5,22
scen 6,22
scen 7,22
scen 0,2
scen 1,22
scen 2,22
scen 3,2
scen 4,22
scen 5,22
scen 6,22
scen 7,22
scen 0,12
scen 1,22
scen 2,22
scen 3,12
scen 4,22
scen 5,22
scen 6,22
scen 7,22
scen 0,12
scen 1,22
scen 2,22
scen 3,12
scen 4,22
scen 5,22
scen 6,22
scen 7,22
scen 0,12
scen 1,22
scen 2,22
scen 3,12
scen 4,22
scen 5,22
scen 6,22
scen 7,22
scen 0,12
scen 1,22
scen 2,22
scen 3,12
scen 4,22
scen 5,22
scen 6,22
scen 7,22
scen 0,12
scen 1,22
scen 2,22
scen 3,22
scen 4,22
scen 5,22
scen 6,22
scen 7,22
scen 0,12
scen 1,22
scen 2,22
scen 3,22
scen 4,22
scen 5,22
scen 6,22
scen 7,22
